<?xml version="1.0" encoding="UTF-8" standalone="no"?>
<definitions xmlns="http://www.omg.org/spec/BPMN/20100524/MODEL"
	xmlns:activiti="http://activiti.org/bpmn" xmlns:bpmndi="http://www.omg.org/spec/BPMN/20100524/DI"
	xmlns:omgdc="http://www.omg.org/spec/DD/20100524/DC" xmlns:omgdi="http://www.omg.org/spec/DD/20100524/DI"
	xmlns:signavio="http://www.signavio.com" xmlns:xsi="http://www.w3.org/2001/XMLSchema-instance"
	exporter="Signavio Process Editor, http://www.signavio.com"
	exporterVersion="" id="sid-d67c9729-60e7-4ca7-ac2f-35f88bd321b5"
	targetNamespace="http://www.signavio.com/bpmn20"
	xsi:schemaLocation="http://www.omg.org/spec/BPMN/20100524/MODEL http://www.omg.org/spec/BPMN/2.0/20100501/BPMN20.xsd">
	
	
	
	<!--  The task distribution process by the owner -->
	<process id="Fleshing_Out" isExecutable="true" name="Fleshing_Out">

		<startEvent id="startNoneEvent" name="StartNoneEvent">
			<documentation id="sid-f3ad17d9-d810-47b9-ac2f-f79da714d1e3">
				The start event
        	</documentation>
		</startEvent>

		<sequenceFlow id="flowA1" name="SequenceFlow" sourceRef="startNoneEvent" targetRef="ParallelGateway_6" />
		
		<parallelGateway gatewayDirection="Mixed" id="ParallelGateway_6"
			name="ParallelGateway">
			<documentation id="sid-d641f45b-9975-4cbd-92ed-b5f8197f1cba">
			The owner needs to do both tasks (select workers and select terms)
			</documentation>
		</parallelGateway>
		
		<sequenceFlow id="flowA2" name="SequenceFlow" sourceRef="ParallelGateway_6" targetRef="selectWorkers" />
		<sequenceFlow id="flowA3" name="SequenceFlow" sourceRef="ParallelGateway_6" targetRef="selectTerms" />

		<userTask id="selectTerms" name="Select terms">
			<documentation id="sid-7af37153-5fe1-452e-b579-ae1358b8374f">
				The owner selects the terms that he
				wishes to see worked out.
			</documentation>
			<humanPerformer>
				<resourceAssignmentExpression>
					<formalExpression>#{owner}</formalExpression>
				</resourceAssignmentExpression>
			</humanPerformer>
		</userTask>
		
		<userTask id="selectWorkers" name="Select workers">
			<documentation id="sid-3ebe85c6-b8b2-4ee7-b488-c14b887cfd81">
				The owner selects the workers that he
				would like to see work on the
				term
			</documentation>
			<humanPerformer>
				<resourceAssignmentExpression>
					<formalExpression>#{owner}</formalExpression>
				</resourceAssignmentExpression>
			</humanPerformer>
		</userTask>
		
		<sequenceFlow id="flowA4" name="SequenceFlow" sourceRef="selectTerms" targetRef="ParallelGateway_5" />
		<sequenceFlow id="flowA5" name="SequenceFlow" sourceRef="selectWorkers" targetRef="ParallelGateway_5" />
		
		<parallelGateway gatewayDirection="Converging" id="ParallelGateway_5"
			name="ParallelGateway">
			<documentation id="sid-51d492df-85f4-430f-a98b-81ae63168d0e" />
		</parallelGateway>
		
		<sequenceFlow id="flowA6" name="SequenceFlow"	sourceRef="ParallelGateway_5" targetRef="distributeTasks" />

		<serviceTask id="distributeTasks" name="Distribute Tasks"
			activiti:class="com.collibra.glossary.workflow.activiti.delegate.TaskDistributor">
			<documentation id="sid-23cef792-c376-47af-9e12-93cf20b1ca0b">
				The terms are divided among the workers as tasks as evenly as possible
			</documentation>
		</serviceTask>
		
		<sequenceFlow id="flowA7" name="SequenceFlow" sourceRef="distributeTasks" targetRef="EndNoneEvent_4" />
		
		<endEvent id="EndNoneEvent_4" name="EndNoneEvent">
			<documentation id="sid-f7b5a324-f919-4f7a-a949-019c147ba08f">
				End of the term tasks distribution
			</documentation>
		</endEvent>
		
	</process>
	
<!--  The work being done and the community review process -->


	<process id="FleshingOutCommunityReview" isExecutable="false" name="Worker">

		<startEvent id="catchFleshOut" name="IntermediateMessageEventCatching"/>
		
		<sequenceFlow id="flowB1" name="SequenceFlow" sourceRef="catchFleshOut" targetRef="articulateTheTerm" />
		
		<userTask id="articulateTheTerm" name="Articulate the Term">
			<documentation id="sid-5aa47f3f-8d81-482b-a8ef-400baa923b60">
			As a worker you need to articulate the term
			</documentation>
			<humanPerformer>
				<resourceAssignmentExpression>
					<formalExpression>#{worker}</formalExpression>
				</resourceAssignmentExpression>
			</humanPerformer>
		</userTask>
		
		<!-- Give the worker 7 days to complete his work -->
		<boundaryEvent attachedToRef="articulateTheTerm" cancelActivity="true" id="articulateTheTermTimerEvent" name="IntermediateTimerEvent">
        	<timerEventDefinition>
         		 <timeDuration>P7D</timeDuration>
        	</timerEventDefinition>
		</boundaryEvent>
		
		<!-- In case the worker has passed the 7 day limit -->
		
		<sequenceFlow id="flowB2" name="SequenceFlow" sourceRef="articulateTheTermTimerEvent" targetRef="notifySteward" />
		
		<serviceTask id="notifySteward" name="Notify Steward" activiti:type="mail">
			<documentation id="sid-d3b3b99c-7a27-489e-b5be-45cf140ae7a8">
			Notify the stewards that the worker #{worker} did not complete his work
			</documentation>
			<extensionElements>
				<activiti:field name="from" stringValue="glossary@collibra.com" />
				<activiti:field name="to" expression="${toEmail}" />
				<activiti:field name="subject" stringValue="Task overdue" />
				<activiti:field name="html">
					<activiti:expression>
		        <![CDATA[
		          <html>
		            <body>
						<p>The worker #{worker} did not finish his task please take further action.              
		            </body>
		          </html>
		        ]]>
				</activiti:expression>
				</activiti:field>
			</extensionElements>
		</serviceTask>
		
		<sequenceFlow id="flowB3" name="SequenceFlow" sourceRef="notifySteward" targetRef="chooseFurtherAction" />
		
		<userTask id="chooseFurtherAction" name="Choose further action">
			<documentation id="sid-8ee45ab8-4969-4569-9226-9b72c6d9d847">
			Take further action for user #{worker} that did not complete his task
			</documentation>
			<humanPerformer>
				<resourceAssignmentExpression>
					<formalExpression>#{owner}</formalExpression>
				</resourceAssignmentExpression>
			</humanPerformer>
		</userTask>		

		<sequenceFlow id="flowB4" name="SequenceFlow" sourceRef="chooseFurtherAction" targetRef="actionGateWay" />
		
		<sequenceFlow id="reassigned_or_extended_the_deadline" 
			name="reassigned or extended the deadline" sourceRef="actionGateWay"
			targetRef="articulateTheTerm">
			<conditionExpression id="expressionProcessEnded" xsi:type="tFormalExpression">${reassign}</conditionExpression>
		</sequenceFlow>
		
		<sequenceFlow id="close_task" name="close task" sourceRef="actionGateWay" targetRef="EndNoneEvent">
     		<conditionExpression id="expressionProcessNotEnded" xsi:type="tFormalExpression">${!reassign}</conditionExpression>
		</sequenceFlow>

		<exclusiveGateway gatewayDirection="Diverging" id="actionGateWay" name="Exclusive_Databased_Gateway" />
		
		<endEvent id="EndNoneEvent" name="EndNoneEvent" />
		
		<!-- The worker has completed his task in the given deadline -->		
		
		<!-- <sequenceFlow id="SequenceFlow_2" name="SequenceFlow" sourceRef="catchFleshout" targetRef="articulateTheTerm" /> -->
		<!-- <sequenceFlow id="SequenceFlow_12" name="SequenceFlow" sourceRef="articulateTheTermTimerEvent" targetRef="notifySteward" /> -->
		
		<sequenceFlow id="flowB5" name="SequenceFlow" sourceRef="articulateTheTerm" targetRef="notifyTaskCompletion" />
		
		<serviceTask id="notifyTaskCompletion" name="Notify Task Completion" activiti:type="mail">
			<documentation id="sid-a3b1a6ea-7b80-43d2-8083-c100b876f583" />
			<extensionElements>
				<activiti:field name="from" stringValue="glossary@collibra.com" />
				<activiti:field name="to" expression="${toEmail}" />
				<activiti:field name="subject" stringValue="Finished task" />
				<activiti:field name="html">
					<activiti:expression>
		        <![CDATA[
		          <html>
		            <body>
		              #{worker} has completed his task, please review his work.	              
		            </body>
		          </html>
		        ]]>
					</activiti:expression>
				</activiti:field>
			</extensionElements>
		</serviceTask>
		
		<sequenceFlow id="flowB6" name="SequenceFlow" sourceRef="notifyTaskCompletion" targetRef="processTermResult" />
		
		<userTask id="processTermResult" name="Process Term Result">
			<documentation id="sid-840779e9-b1e1-4a46-bc90-069caacc2a97">
			Process the result of the worker #{worker}.
			</documentation>
			<humanPerformer>
				<resourceAssignmentExpression>
					<formalExpression>#{owner}</formalExpression>
				</resourceAssignmentExpression>
			</humanPerformer>
		</userTask>
		
		<sequenceFlow id="flowB7" name="SequenceFlow" sourceRef="processTermResult" targetRef="notifyCommunityMembers" />
		
		<serviceTask id="notifyCommunityMembers" name="Notify Community Members"
			activiti:type="mail">
			<documentation id="sid-ac6579bc-ec22-4773-9126-10f8618e5f29">
			Notify the community members that they should review the terms.			
			</documentation>
			<extensionElements>
				<activiti:field name="from" stringValue="glossary@collibra.com" />
				<activiti:field name="to" expression="${toEmail}" />
				<activiti:field name="subject" stringValue="Please review the terms" />
				<activiti:field name="html">
					<activiti:expression>
		        <![CDATA[
		          <html>
		            <body>
		              Please review the term #{term}
		            </body>
		          </html>
		        ]]>
					</activiti:expression>
				</activiti:field>
			</extensionElements>
		</serviceTask>		
		
		<sequenceFlow id="flowB8" name="SequenceFlow" sourceRef="notifyCommunityMembers" targetRef="reviewTerm" />

		<!-- All memebers of the community should review the terms -->
		<userTask id="reviewTerm" name="Review Term">
			<documentation id="sid-5d1e48f5-7c26-438f-92fb-450e8c6be76c">
			As a community member review the result of the term.
			</documentation>
			<multiInstanceLoopCharacteristics
				behavior="All" id="sid-69ce3b58-6538-4edb-a732-f2967711bb60"
				isSequential="false">
				<loopDataInputRef>communityUserList</loopDataInputRef>
				<inputDataItem name="communityUser" />
			</multiInstanceLoopCharacteristics>
		</userTask>
		
		<sequenceFlow id="flowB9" name="SequenceFlow" sourceRef="reviewTerm" targetRef="collateResults" />
		
		<serviceTask id="collateResults" name="Collate results"
			activiti:class="com.collibra.glossary.workflow.activiti.delegate.CollateResults">
			<documentation id="sid-54324f09-a444-4cb1-ba4c-98ab64df55bf">
				Collate the results from all the members
			</documentation>
		</serviceTask>


		<exclusiveGateway gatewayDirection="Diverging" id="Exclusive_Databased_Gateway_6" name="Exclusive_Databased_Gateway">
			<documentation id="sid-4f38a809-c9b4-4475-8bc8-17ab18060b44" />
		</exclusiveGateway>

		<sequenceFlow id="SequenceFlow_18" name="SequenceFlow" sourceRef="Exclusive_Databased_Gateway_6" targetRef="changeStatusToPublished" />
		<sequenceFlow id="SequenceFlow_8" name="SequenceFlow" sourceRef="Exclusive_Databased_Gateway_6" targetRef="changeStatusToRejected" />

		<serviceTask id="changeStatusToPublished" name="Change Status to Published"
			activiti:class="com.collibra.glossary.workflow.activiti.delegate.ArticulationPublished">
			<documentation id="sid-717d842e-ace3-4044-9285-5340fa969a53">
			Sets the status of the term to Published
			</documentation>
		</serviceTask>
		

		<serviceTask id="changeStatusToRejected" name="Change Status to Rejected"
			activiti:class="com.collibra.glossary.workflow.activiti.delegate.ArticulationRejected">
			<documentation id="sid-4e7a1746-a098-4d8e-997b-89aeb1163b51">
			Sets the status of the term to Rejeceted
			</documentation>
		</serviceTask>
		

		<sequenceFlow id="SequenceFlow_20" name="SequenceFlow" sourceRef="changeStatusToPublished" targetRef="EndNoneEvent_11" />
		<sequenceFlow id="SequenceFlow_21" name="SequenceFlow" sourceRef="collateResults" targetRef="Exclusive_Databased_Gateway_6" />
		<sequenceFlow id="SequenceFlow_22" name="SequenceFlow" sourceRef="changeStatusToRejected" targetRef="EndNoneEvent_12" />
				
		<endEvent id="EndNoneEvent_11" name="EndNoneEvent">
			<documentation id="sid-e36c9d47-00df-4eb0-b3b8-0edc601a7298" />
		</endEvent>
		
		<endEvent id="EndNoneEvent_12" name="EndNoneEvent">
			<documentation id="sid-ceefd815-0106-4c55-8f5a-bef4f7798599" />
		</endEvent>
	</process>
	
	
	<collaboration id="sid-7dcc6e43-c960-4a7c-98c0-58b1f74777ad">
		<participant id="Work_Distributor" name="Work Distributor"
			processRef="sid-3ce6cb52-9b7d-42ae-87ac-ac8b90bc8993">
			<documentation id="sid-4b41237a-0d63-4019-b68f-a038d24d2009">
			The person who initiates distributing the work
			</documentation>
		</participant>
		
		<participant id="Worker" name="Worker" processRef="FleshingOutCommunityReview">
			<documentation id="sid-b0a66cd9-299e-4194-a733-8178b8a5c0a1">
			The person performing the work of articulating the term
			</documentation>
		</participant>
	</collaboration>
	
	<!--
	<bpmndi:BPMNDiagram id="sid-a4554169-0188-4f80-8130-184c2513ee42">
		<bpmndi:BPMNPlane bpmnElement="Fleshing_Out"
			id="sid-0807baf2-c974-45c4-bbf7-9258ba8ab0e8">

			<bpmndi:BPMNShape bpmnElement="startNoneEvent" id="startNoneEvent_gui">
				<omgdc:Bounds height="30.0" width="30.0" x="210.0" y="131.0" />
			</bpmndi:BPMNShape>
			<bpmndi:BPMNShape bpmnElement="selectTerms" id="selectTerms_gui">
				<omgdc:Bounds height="80.0" width="100.0" x="405.0" y="30.0" />
			</bpmndi:BPMNShape>
			<bpmndi:BPMNShape bpmnElement="ParallelGateway_6"
				id="ParallelGateway_6_gui">
				<omgdc:Bounds height="40.0" width="40.0" x="330.0" y="126.0" />
			</bpmndi:BPMNShape>
			<bpmndi:BPMNShape bpmnElement="selectWorkers" id="selectWorkers_gui">
				<omgdc:Bounds height="80.0" width="100.0" x="405.0" y="165.0" />
			</bpmndi:BPMNShape>
			<bpmndi:BPMNShape bpmnElement="ParallelGateway_5"
				id="ParallelGateway_5_gui">
				<omgdc:Bounds height="40.0" width="40.0" x="540.0" y="122.5" />
			</bpmndi:BPMNShape>
			<bpmndi:BPMNShape bpmnElement="distributeTasks" id="distributeTasks_gui">
				<omgdc:Bounds height="80.0" width="100.0" x="619.0" y="102.5" />
			</bpmndi:BPMNShape>
			<bpmndi:BPMNShape bpmnElement="EndNoneEvent_4" id="EndNoneEvent_4_gui">
				<omgdc:Bounds height="28.0" width="28.0" x="764.0" y="128.5" />
			</bpmndi:BPMNShape>

			<bpmndi:BPMNEdge bpmnElement="SequenceFlow_22" id="SequenceFlow_22_gui">
				<omgdi:waypoint x="1220.0" y="440.0" />
				<omgdi:waypoint x="1220.0" y="480.0" />
			</bpmndi:BPMNEdge>
			<bpmndi:BPMNEdge bpmnElement="SequenceFlow_20" id="SequenceFlow_20_gui">
				<omgdi:waypoint x="1120.0" y="550.0" />
				<omgdi:waypoint x="1221.0" y="550.0" />
			</bpmndi:BPMNEdge>
			<bpmndi:BPMNEdge bpmnElement="SequenceFlow_21" id="SequenceFlow_21_gui">
				<omgdi:waypoint x="1000.0" y="400.0" />
				<omgdi:waypoint x="1050.0" y="400.0" />
			</bpmndi:BPMNEdge>
			<bpmndi:BPMNEdge bpmnElement="close_task" id="close_task_gui">
				<omgdi:waypoint x="490.0" y="535.0" />
				<omgdi:waypoint x="572.5" y="535.5" />
				<omgdi:waypoint x="572.5" y="538.0" />
				<omgdi:waypoint x="655.0" y="538.0" />
			</bpmndi:BPMNEdge>
			<bpmndi:BPMNEdge bpmnElement="SequenceFlow_8" id="SequenceFlow_8_gui">
				<omgdi:waypoint x="1090.0" y="400.0" />
				<omgdi:waypoint x="1170.0" y="400.0" />
			</bpmndi:BPMNEdge>
			<bpmndi:BPMNEdge bpmnElement="SequenceFlow_5" id="SequenceFlow_5_gui">
				<omgdi:waypoint x="479.0" y="400.0" />
				<omgdi:waypoint x="510.0" y="400.0" />
			</bpmndi:BPMNEdge>
			<bpmndi:BPMNEdge bpmnElement="SequenceFlow_2" id="SequenceFlow_2_gui">
				<omgdi:waypoint x="119.0" y="392.0" />
				<omgdi:waypoint x="119.0" y="400.0" />
				<omgdi:waypoint x="165.0" y="400.0" />
			</bpmndi:BPMNEdge>
			<bpmndi:BPMNEdge bpmnElement="SequenceFlow_19" id="SequenceFlow_19_gui">
				<omgdi:waypoint x="865.0" y="400.0" />
				<omgdi:waypoint x="900.0" y="400.0" />
			</bpmndi:BPMNEdge>
			<bpmndi:BPMNEdge bpmnElement="SequenceFlow_12" id="SequenceFlow_12_gui">
				<omgdi:waypoint x="206.0" y="455.0" />
				<omgdi:waypoint x="206.0" y="495.0" />
			</bpmndi:BPMNEdge>
			<bpmndi:BPMNEdge bpmnElement="SequenceFlow_14" id="SequenceFlow_14_gui">
				<omgdi:waypoint x="401.0" y="535.0" />
				<omgdi:waypoint x="450.0" y="535.0" />
			</bpmndi:BPMNEdge>
			<bpmndi:BPMNEdge bpmnElement="SequenceFlow_13" id="SequenceFlow_13_gui">
				<omgdi:waypoint x="256.0" y="535.0" />
				<omgdi:waypoint x="301.0" y="535.0" />
			</bpmndi:BPMNEdge>
			<bpmndi:BPMNEdge bpmnElement="SequenceFlow_16" id="SequenceFlow_16_gui">
				<omgdi:waypoint x="610.0" y="400.0" />
				<omgdi:waypoint x="645.0" y="400.0" />
			</bpmndi:BPMNEdge>
			<bpmndi:BPMNEdge bpmnElement="reassigned_or_extended_the_deadline"
				id="reassigned_or_extended_the_deadline_gui">
				<omgdi:waypoint x="450.0" y="522.0" />
				<omgdi:waypoint x="265.0" y="400.0" />
			</bpmndi:BPMNEdge>
			<bpmndi:BPMNEdge bpmnElement="SequenceFlow_15" id="SequenceFlow_15_gui">
				<omgdi:waypoint x="265.0" y="400.0" />
				<omgdi:waypoint x="379.0" y="400.0" />
			</bpmndi:BPMNEdge>
			<bpmndi:BPMNEdge bpmnElement="SequenceFlow_18" id="SequenceFlow_18_gui">
				<omgdi:waypoint x="1070.0" y="420.0" />
				<omgdi:waypoint x="1070.0" y="510.0" />
			</bpmndi:BPMNEdge>
			<bpmndi:BPMNEdge bpmnElement="SequenceFlow_17" id="SequenceFlow_17_gui">
				<omgdi:waypoint x="745.0" y="400.0" />
				<omgdi:waypoint x="765.0" y="400.0" />
			</bpmndi:BPMNEdge>
		</bpmndi:BPMNPlane>
	</bpmndi:BPMNDiagram>  -->
</definitions>