<?xml version="1.0" encoding="UTF-8" standalone="no"?>
<definitions xmlns="http://www.omg.org/spec/BPMN/20100524/MODEL" xmlns:activiti="http://activiti.org/bpmn" xmlns:bpmndi="http://www.omg.org/spec/BPMN/20100524/DI" xmlns:omgdc="http://www.omg.org/spec/DD/20100524/DC" xmlns:omgdi="http://www.omg.org/spec/DD/20100524/DI" xmlns:signavio="http://www.signavio.com" xmlns:xsi="http://www.w3.org/2001/XMLSchema-instance" exporter="Signavio Process Editor, http://www.signavio.com" exporterVersion="" id="sid-da17a598-2605-45e6-b332-950a4e87bb41" targetNamespace="http://www.signavio.com/bpmn20" xsi:schemaLocation="http://www.omg.org/spec/BPMN/20100524/MODEL http://www.omg.org/spec/BPMN/2.0/20100501/BPMN20.xsd">
   <process id="BSG_Task_Management" isExecutable="true" name="BSG_Task_Management">
      <startEvent id="StartNoneEvent" name="StartNoneEvent" activiti:formKey="TasksCode.NewWorkflowTask"/>
      
      <userTask id="Perform" name="Perform" >
      		<humanPerformer>
				<resourceAssignmentExpression>
					<formalExpression>#{assignee}</formalExpression>
				</resourceAssignmentExpression>
			</humanPerformer>			 
      </userTask>
      
      <exclusiveGateway gatewayDirection="Diverging" id="state____closed__" name="state = 'closed'?" />

      <endEvent id="EndNoneEvent" name="EndNoneEvent" />
      
      <sequenceFlow id="SequenceFlow" name="SequenceFlow" sourceRef="StartNoneEvent" targetRef="Perform" />
      <sequenceFlow id="No" name="No" sourceRef="state____closed__" targetRef="Perform" >
      		<conditionExpression id="expressionProcessNotEnded" xsi:type="tFormalExpression">${!closed}</conditionExpression>
      </sequenceFlow>
      <sequenceFlow id="SequenceFlow_2" name="SequenceFlow" sourceRef="Perform" targetRef="state____closed__" />
      <sequenceFlow id="Yes" name="Yes" sourceRef="state____closed__" targetRef="EndNoneEvent" >
      		<conditionExpression id="expressionProcessEnded" xsi:type="tFormalExpression">${closed}</conditionExpression>
      </sequenceFlow>
   </process>
   
   <!--bpmndi:BPMNDiagram id="sid-4e9e6bb3-e998-483e-9edc-afdd233e54f3">
      <bpmndi:BPMNPlane bpmnElement="BSG_Task_Management" id="sid-d42086ed-5a6b-4456-9313-1d518eb476cc">
         <bpmndi:BPMNShape bpmnElement="StartNoneEvent" id="StartNoneEvent_gui">
            <omgdc:Bounds height="30.0" width="30.0" x="150.0" y="170.0"/>
         </bpmndi:BPMNShape>
         <bpmndi:BPMNShape bpmnElement="Perform" id="Perform_gui">
            <omgdc:Bounds height="80.0" width="100.0" x="270.0" y="145.0"/>
         </bpmndi:BPMNShape>
         <bpmndi:BPMNShape bpmnElement="state____closed__" id="state____closed___gui" isMarkerVisible="true">
            <omgdc:Bounds height="40.0" width="40.0" x="450.0" y="165.0"/>
         </bpmndi:BPMNShape>
         <bpmndi:BPMNShape bpmnElement="EndNoneEvent" id="EndNoneEvent_gui">
            <omgdc:Bounds height="28.0" width="28.0" x="570.0" y="171.0"/>
         </bpmndi:BPMNShape>
         <bpmndi:BPMNEdge bpmnElement="SequenceFlow" id="SequenceFlow_gui">
            <omgdi:waypoint x="180.0" y="185.0"/>
            <omgdi:waypoint x="270.0" y="185.0"/>
         </bpmndi:BPMNEdge>
         <bpmndi:BPMNEdge bpmnElement="Yes" id="Yes_gui">
            <omgdi:waypoint x="490.0" y="185.0"/>
            <omgdi:waypoint x="570.0" y="185.0"/>
         </bpmndi:BPMNEdge>
         <bpmndi:BPMNEdge bpmnElement="SequenceFlow_2" id="SequenceFlow_2_gui">
            <omgdi:waypoint x="370.0" y="185.0"/>
            <omgdi:waypoint x="450.0" y="185.0"/>
         </bpmndi:BPMNEdge>
         <bpmndi:BPMNEdge bpmnElement="No" id="No_gui">
            <omgdi:waypoint x="450.0" y="180.0"/>
            <omgdi:waypoint x="370.0" y="159.0"/>
         </bpmndi:BPMNEdge>
      </bpmndi:BPMNPlane>
   </bpmndi:BPMNDiagram-->

</definitions>